DEPTH,P-wave,Lithology,Porosity,Density,S-wave,Water Saturation,Volumetric
3500,3274.6978,0,0.0516,2.6014,1425.8311,1,0.752
3500.1499,3290.4187,0,0.0608,2.6013,1444.7288,1,0.6802
3500.3,3311.4287,0,0.0701,2.5946,1444.5577,1,0.6143
3500.45,3348.2312,0,0.081,2.585,1444.8046,1,0.5483
3500.6001,3363.5308,0,0.0792,2.5855,1442.1177,1,0.5214
3500.75,3393.6929,0,0.0668,2.5973,1437.0759,1,0.5112
3500.8999,3398.4788,0,0.0584,2.6085,1439.3434,1,0.4799
3501.05,3376.4705,0,0.0489,2.6253,1446.3109,1,0.4845
3501.2,3348.6724,0,0.0488,2.6256,1453.207,1,0.4759
3501.3501,3321.7021,0,0.0427,2.6186,1461.99,1,0.5379
3501.5,3306.8601,0,0.0388,2.6125,1471.5607,1,0.5968
3501.6499,3319.4175,0,0.0376,2.6151,1483.5422,1,0.6533
3501.8,3265.4792,0,0.039,2.6156,1489.085,1,0.6908
3501.95,3267.5493,0,0.0345,2.6194,1499.6448,1,0.7238
3502.1001,3309.7292,0,0.0316,2.6155,1511.0626,1,0.7221
3502.25,3345.8408,0,0.0371,2.6123,1524.8143,1,0.6448
3502.3999,3406.9512,0,0.0432,2.6121,1535.4402,1,0.5796
3502.55,3513.0713,0,0.0397,2.6215,1550.1058,1,0.5869
3502.7,3640.7605,0,0.0376,2.6291,1565.9723,1,0.5877
3502.8501,3667.999,0,0.0359,2.6368,1576.8079,1,0.5808
3503,3628.6792,0,0.0366,2.6398,1593.7047,1,0.5504
3503.1499,3586.0803,4,0.04,2.6386,1620.4568,1,0.5056
3503.3,3523.1477,4,0.043,2.6351,1657.1906,1,0.4748
3503.45,3493.1375,4,0.0485,2.6264,1691.6429,1,0.4553
3503.6001,3531.4023,4,0.0467,2.6242,1716.7354,1,0.482
3503.75,3568.0291,4,0.0436,2.6217,1721.8842,1,0.5069
3503.8999,3575.397,4,0.0412,2.6239,1702.98,1,0.5096
3504.05,3567.229,0,0.0404,2.6303,1671.4075,1,0.4964
3504.2,3537.7415,0,0.0432,2.6323,1648.3036,1,0.4722
3504.3501,3488.8528,0,0.0402,2.6348,1638.864,1,0.4739
3504.5,3416.7666,0,0.0349,2.6306,1622.0537,1,0.5027
3504.6499,3359.6831,0,0.0275,2.6263,1606.2095,1,0.5816
3504.8,3336.5779,0,0.0293,2.6186,1600.0715,1,0.6463
3504.95,3322.3608,0,0.0376,2.6134,1607.1971,1,0.676
3505.1001,3337.3726,0,0.0464,2.6089,1619.1748,1,0.6588
3505.25,3386.2969,0,0.049,2.6113,1629.4816,1,0.6378
3505.3999,3457.314,0,0.0468,2.6155,1641.9309,1,0.6376
3505.55,3483.3064,0,0.0462,2.6149,1655.9042,1,0.6256
3505.7,3523.9272,0,0.0405,2.6194,1664.8563,1,0.6353
3505.8501,3538.5039,0,0.0332,2.6285,1682.1913,1,0.6414
3506,3553.582,0,0.0313,2.6354,1701.5907,1,0.6381
3506.1499,3578.1074,0,0.0337,2.6363,1731.3928,1,0.6405
3506.3,3614.8911,0,0.036,2.633,1748.1322,1,0.6345
3506.45,3624.6145,0,0.0361,2.6219,1773.9536,1,0.6559
3506.6001,3631.2148,0,0.0383,2.6115,1803.5472,1,0.6571
3506.75,3647.771,0,0.0363,2.6061,1838.8678,1,0.693
3506.8999,3667.9126,0,0.0388,2.6065,1853.6055,1,0.679
3507.05,3670.876,0,0.0411,2.6064,1864.537,1,0.6586
3507.2,3672.5664,0,0.0367,2.608,1870.3009,1,0.6717
3507.3501,3657.3123,0,0.0301,2.6123,1874.9403,1,0.6719
3507.5,3636.7122,0,0.0237,2.6174,1872.9286,1,0.7133
3507.6499,3603.6509,0,0.0255,2.6273,1867.3157,1,0.6912
3507.8,3604.8533,0,0.0259,2.6322,1863.2024,1,0.7094
3507.95,3605.4644,0,0.031,2.6219,1869.9054,1,0.706
3508.1001,3601.1807,0,0.0321,2.6156,1875.6499,1,0.7258
3508.25,3621.2598,0,0.0267,2.6047,1873.6965,1,0.7865
3508.3999,3633.3501,0,0.0263,2.6108,1859.0864,1,0.7547
3508.55,3710.3843,0,0.0378,2.607,1852.8115,1,0.6478
3508.7,3709.4336,0,0.0428,2.61,1854.0355,1,0.6059
3508.8501,3710.9785,0,0.045,2.6146,1875.0294,1,0.5827
3509,3710.9829,0,0.0408,2.6229,1877.8364,1,0.6164
3509.1499,3706.2058,0,0.0297,2.64,1874.6202,1,0.6679
3509.3,3702.8354,0,0.026,2.643,1871.3729,1,0.7166
3509.45,3708.9846,0,0.0265,2.6381,1853.5546,1,0.697
3509.6001,3710.2451,0,0.034,2.6335,1845.6438,1,0.6655
3509.75,3711.3667,0,0.0315,2.6352,1836.1581,1,0.6629
3509.8999,3717.9707,0,0.0245,2.6435,1838.9524,1,0.7125
3510.05,3722.7063,0,0.0141,2.6444,1850.3457,1,0.7613
3510.2,3720.1655,0,0.0185,2.6365,1859.9685,1,0.7351
3510.3501,3658.3884,0,0.0283,2.6261,1868.5974,1,0.6782
3510.5,3631.9333,0,0.0321,2.6219,1866.0143,1,0.6672
3510.6499,3627.6433,0,0.031,2.6205,1856.6686,1,0.6708
3510.8,3620.5117,0,0.0226,2.624,1856.5618,1,0.7245
3510.95,3591.8438,0,0.0187,2.6286,1868.0851,1,0.7603
3511.1001,3563.7234,0,0.0105,2.6355,1876.3087,1,0.8291
3511.25,3550.6514,0,0.0117,2.639,1877.2578,1,0.8285
3511.3999,3534.4827,0,0.0158,2.634,1875.9268,1,0.8003
3511.55,3515.5813,0,0.0219,2.6281,1875.7969,1,0.7677
3511.7,3512.4011,0,0.0252,2.6248,1876.2015,1,0.7595
3511.8501,3523.4939,0,0.0232,2.6298,1875.9373,1,0.761
3512,3547.6299,0,0.0257,2.624,1873.7882,1,0.7445
3512.1499,3599.4731,0,0.025,2.6254,1872.6426,1,0.7274
3512.3,3650.7778,0,0.0214,2.627,1878.1709,1,0.7326
3512.45,3668.9338,0,0.0226,2.62,1884.7308,1,0.7527
3512.6001,3669.7153,0,0.0276,2.6061,1886.6119,1,0.7591
3512.75,3669.0254,0,0.0294,2.5978,1886.5,1,0.783
3512.8999,3659.2727,0,0.0336,2.5939,1885.5522,1,0.7766
3513.05,3637.9272,0,0.0345,2.5951,1882.4811,1,0.7776
3513.2,3608.5986,0,0.0264,2.6025,1880.2455,1,0.8371
3513.3501,3588.6628,0,0.0177,2.6103,1875.3435,1,0.8701
3513.5,3584.7837,0,0.0137,2.6155,1872.8517,1,0.8686
3513.6499,3560.0493,0,0.0165,2.6136,1871.1326,1,0.8509
3513.8,3515.9973,0,0.021,2.6112,1859.3981,1,0.8336
3513.95,3487.9177,0,0.0232,2.6067,1843.1643,1,0.8508
3514.1001,3460.7712,0,0.0224,2.6049,1827.861,1,0.8747
3514.25,3442.7642,0,0.0189,2.6136,1816.6381,1,0.886
3514.3999,3440.9846,0,0.0168,2.6233,1801.6106,1,0.8705
3514.55,3433.1519,0,0.0126,2.6344,1783.1134,1,0.8626
3514.7,3449.9458,0,0.0097,2.6275,1760.2926,1,0.8755
3514.8501,3437.1335,0,0.0092,2.621,1739.1232,1,0.8701
3515,3341.6233,0,0.0122,2.6176,1720.5978,1,0.8707
3515.1499,3247.0854,0,0.0097,2.6214,1702.5616,1,0.8739
3515.3,3208.051,0,0.0108,2.6238,1690.5873,1,0.8918
3515.45,3195.145,0,0.0135,2.6243,1672.6198,1,0.9121
3515.6001,3195.6555,0,0.0175,2.6232,1660.0654,1,0.9285
3515.75,3230.717,0,0.0204,2.6255,1645.0194,1,0.9277
3515.8999,3285.4963,0,0.0189,2.6284,1639.5017,1,0.9192
3516.05,3314.541,0,0.0159,2.6295,1627.3121,1,0.9647
3516.2,3279.7224,0,0.0166,2.6281,1606.093,1,0.9633
3516.3501,3211.5535,0,0.0098,2.637,1578.4961,1,0.9848
3516.5,3162.6804,0,0.0011,2.6401,1556.9781,1,0.9919
3516.6499,3190.8259,0,0,2.6436,1546.1649,1,0.9982
3516.8,3176.7688,0,0.0023,2.6386,1540.869,1,0.9902
3516.95,3163.5251,0,0.0192,2.6252,1540.1384,1,0.9666
3517.1001,3149.29,0,0.0181,2.6265,1541.9293,1,0.9636
3517.25,3186.9365,0,0.0203,2.6252,1543.4614,1,0.9381
3517.3999,3201.1914,0,0.0188,2.6247,1543.6594,1,0.956
3517.55,3201.3555,0,0.0226,2.6177,1531.1213,1,0.9598
3517.7,3195.6411,0,0.0235,2.617,1524.782,1,0.9673
3517.8501,3250.3806,0,0.0268,2.6101,1512.8542,1,0.9462
3518,3265.8882,0,0.0254,2.6102,1511.744,1,0.9347
3518.1499,3301.9878,0,0.0313,2.6012,1522.2889,1,0.8833
3518.3,3304.7092,0,0.0279,2.6085,1530.6874,1,0.9178
3518.45,3333.8708,0,0.0406,2.6037,1558.7247,1,0.8523
3518.6001,3367.8203,0,0.0332,2.6113,1572.1317,1,0.8905
3518.75,3403.2322,0,0.0201,2.6249,1591.6532,1,0.8757
3518.8999,3467.4666,0,0.0141,2.6373,1602.351,1,0.8253
3519.05,3602.7512,0,0.0128,2.6485,1620.472,1,0.705
3519.2,3650.6968,0,0.0221,2.6459,1642.6031,1,0.6358
3519.3501,3762.1313,0,0.0227,2.6505,1700.2546,1,0.5785
3519.5,3761.8953,0,0.0173,2.6602,1721.963,1,0.5562
3519.6499,3605.6799,0,0.0153,2.655,1722.9562,1,0.5491
3519.8,3543.9121,0,0.0163,2.6472,1712.6359,1,0.5778
3519.95,3464.8811,0,0.0259,2.6288,1697.7179,1,0.5951
3520.1001,3414.2803,0,0.0364,2.6185,1688.718,1,0.5611
3520.25,3376.1848,0,0.049,2.6084,1697.7014,1,0.5194
3520.3999,3473.7332,0,0.0509,2.6097,1713.296,1,0.5234
3520.55,3559.4668,0,0.0435,2.619,1743.3019,1,0.5593
3520.7,3593.4353,0,0.0347,2.6232,1757.3322,1,0.5993
3520.8501,3605.9709,0,0.0358,2.6161,1750.0168,1,0.6147
3521,3618.7603,0,0.0429,2.607,1738.3033,1,0.5987
3521.1499,3618.8359,0,0.0451,2.6051,1730.5906,1,0.5883
3521.3,3636.3259,0,0.0441,2.6169,1741.4492,1,0.5743
3521.45,3597.9404,0,0.0414,2.6298,1755.267,1,0.5831
3521.6001,3555.7827,0,0.0442,2.636,1783.7024,1,0.6067
3521.75,3565.3865,0,0.0468,2.6343,1819.5685,1,0.628
3521.8999,3577.9763,0,0.0418,2.6342,1852.1831,1,0.6562
3522.05,3575.3357,0,0.0325,2.6344,1861.8761,1,0.6883
3522.2,3564.8955,0,0.0275,2.6328,1846.3674,1,0.7088
3522.3501,3520.7178,0,0.0322,2.6304,1807.0912,1,0.7089
3522.5,3455.9807,0,0.0384,2.6335,1749.9543,1,0.7011
3522.6499,3421.3257,0,0.0386,2.6377,1699.0387,1,0.7123
3522.8,3375.8403,0,0.0389,2.631,1673.7969,1,0.7216
3522.95,3330.834,0,0.0359,2.6199,1661.8788,1,0.7416
3523.1001,3316.3137,0,0.0273,2.6165,1642.7813,1,0.7777
3523.25,3287.1084,0,0.0199,2.6216,1627.0936,1,0.8088
3523.3999,3252.7515,0,0.0187,2.6252,1623.632,1,0.8228
3523.55,3233.3713,0,0.0243,2.6226,1626.2198,1,0.8058
3523.7,3253.989,0,0.0235,2.6237,1624.9142,1,0.8198
3523.8501,3286.3577,0,0.0212,2.6263,1616.5219,1,0.8364
3524,3284.6079,0,0.0222,2.6233,1615.8933,1,0.8555
3524.1499,3276.1392,0,0.0164,2.624,1616.4504,1,0.9146
3524.3,3255.093,0,0.0153,2.6246,1616.5833,1,0.8933
3524.45,3217.8484,0,0.0155,2.6339,1619.5463,1,0.826
3524.6001,3189.3518,0,0.0221,2.6371,1624.0209,1,0.7529
3524.75,3181.9482,0,0.0248,2.6393,1635.8833,1,0.7188
3524.8999,3223.4304,0,0.0279,2.6294,1647.0835,1,0.7122
3525.05,3343.5498,0,0.0269,2.6216,1658.0353,1,0.6854
3525.2,3429.5366,0,0.0221,2.6255,1664.3184,1,0.6882
3525.3501,3463.3398,0,0.0168,2.6265,1672.2781,1,0.7166
3525.5,3450.686,0,0.0133,2.633,1677.5934,1,0.7642
3525.6499,3420.8049,0,0.0093,2.6362,1680.0272,1,0.8446
3525.8,3421.0923,0,0.0142,2.6382,1683.7111,1,0.8157
3525.95,3389.4622,0,0.0203,2.6404,1688.5807,1,0.7784
3526.1001,3399.022,0,0.0251,2.6405,1697.5255,1,0.7427
3526.25,3398.5391,0,0.0185,2.6473,1696.4501,1,0.7762
3526.3999,3404.3416,0,0.0131,2.6476,1694.9139,1,0.798
3526.55,3411.5496,0,0.0151,2.6427,1693.1807,1,0.7557
3526.7,3420.3521,0,0.0199,2.6371,1702.4814,1,0.7013
3526.8501,3423.5786,0,0.0299,2.6324,1719.4137,1,0.6405
3527,3442.2009,0,0.0303,2.6337,1724.312,1,0.6186
3527.1499,3453.342,0,0.0163,2.6455,1727.4791,1,0.7427
3527.3,3485.7058,0,0.0128,2.6513,1727.8281,1,0.757
3527.45,3521.3179,0,0.0085,2.6456,1727.0869,1,0.8086
3527.6001,3487.594,0,0.0075,2.641,1727.0415,1,0.8082
3527.75,3407.1267,0,0.0123,2.6278,1717.1904,1,0.8287
3527.8999,3392.4954,0,0.0079,2.6323,1701.6251,1,0.8851
3528.05,3383.2271,0,0.0134,2.6331,1681.4521,1,0.9181
3528.2,3373.3611,0,0.0189,2.6299,1671.5284,1,0.8911
3528.3501,3327.2241,0,0.0262,2.6342,1669.9268,1,0.8176
3528.5,3305.6208,0,0.0308,2.6334,1677.9884,1,0.7687
3528.6499,3350.6936,0,0.0228,2.638,1700.2318,1,0.7666
3528.8,3364.6365,0,0.0191,2.6402,1712.6041,1,0.765
3528.95,3438.4346,0,0.0127,2.6469,1717.8542,1,0.8051
3529.1001,3446.363,0,0.0116,2.6463,1716.6893,1,0.8496
3529.25,3439.7734,0,0.0157,2.6438,1702.6527,1,0.853
3529.3999,3431.7612,0,0.0205,2.639,1689.7107,1,0.8099
3529.55,3397.2273,0,0.0254,2.6362,1673.4846,1,0.7575
3529.7,3372.918,0,0.0232,2.6378,1667.8947,1,0.765
3529.8501,3373.8965,0,0.0248,2.6333,1666.0356,1,0.7586
3530,3374.2693,0,0.0222,2.6342,1665.2736,1,0.7673
3530.1499,3372.5586,0,0.0208,2.6363,1664.5977,1,0.7794
3530.3,3350.7837,0,0.021,2.6411,1660.2389,1,0.8073
3530.45,3312.6943,0,0.0218,2.6468,1650.6438,1,0.8207
3530.6001,3301.6919,0,0.0222,2.6504,1640.972,1,0.8041
3530.75,3299.46,0,0.0262,2.6462,1616.4829,1,0.7365
3530.8999,3297.1201,0,0.026,2.6426,1624.7101,1,0.7328
3531.05,3298.3242,0,0.0255,2.6405,1634.7573,1,0.7662
3531.2,3311.8633,0,0.024,2.6379,1635.4283,1,0.8399
3531.3501,3314.5417,0,0.0281,2.6363,1634.9718,1,0.8362
3531.5,3310.8367,0,0.0281,2.6392,1634.2847,1,0.8246
3531.6499,3310.2898,0,0.0181,2.6454,1631.455,1,0.8566
3531.8,3309.8291,0,0.0152,2.6474,1625.3074,1,0.8664
3531.95,3309.2534,0,0.0144,2.6462,1621.4452,1,0.8859
3532.1001,3309.5503,0,0.0193,2.6417,1622.0985,1,0.8787
3532.25,3306.1843,0,0.0231,2.6318,1623.639,1,0.8707
3532.3999,3302.9089,0,0.0257,2.6277,1623.6647,1,0.8493
3532.55,3305.6245,0,0.0264,2.6345,1624.2598,1,0.8325
3532.7,3307.8293,0,0.016,2.6448,1624.8712,1,0.8865
3532.8501,3309.1519,0,0.0077,2.6495,1623.9408,1,0.9359
3533,3312.4514,0,0.0045,2.6445,1623.8448,1,0.9523
3533.1499,3326.9016,0,0.005,2.6417,1626.6273,1,0.9427
3533.3,3346.2461,0,0.0022,2.6445,1638.4641,1,0.9427
3533.45,3348.3689,0,0,2.6468,1658.509,1,0.9408
3533.6001,3348.5435,0,0,2.647,1690.606,1,0.9334
3533.75,3362.9185,0,0.0018,2.6417,1738.3729,1,0.8858
3533.8999,3409.9851,0,0.0082,2.6405,1772.7046,1,0.8087
3534.05,3463.5999,0,0.0154,2.6407,1801.5302,1,0.7271
3534.2,3488.7532,0,0.0175,2.6386,1809.0621,1,0.6656
3534.3501,3490.7727,0,0.0176,2.6304,1816.5044,1,0.6267
3534.5,3490.832,0,0.0176,2.6221,1817.5939,1,0.6006
3534.6499,3490.7676,0,0.0176,2.617,1811.6727,1,0.6102
3534.8,3490.582,0,0.0176,2.6194,1797.7742,1,0.6283
3534.95,3491.7351,0,0.0176,2.6257,1785.1061,1,0.6859
3535.1001,3496.2283,0,0.0176,2.6307,1784.735,1,0.6778
3535.25,3506.9114,0,0.0176,2.631,1797.5538,1,0.6558
3535.3999,3530.0171,0,0.0176,2.6318,1804.5952,1,0.6397
3535.55,3539.5784,0,0.0176,2.6327,1807.8143,1,0.6901
3535.7,3547.8926,0,0.0176,2.6351,1810.0179,1,0.7787
3535.8501,3589.075,0,0.0176,2.6395,1825.8241,1,0.8305
3536,3619.3816,0,0.0176,2.6493,1829.7352,1,0.8107
3536.1499,3615.7258,0,0.0176,2.6511,1829.9756,1,0.709
3536.3,3600.5,0,0.0176,2.6545,1829.2617,1,0.6891
3536.45,3594.9138,0,0.0176,2.6466,1825.5591,1,0.6299
3536.6001,3587.814,0,0.0176,2.6414,1819.7217,1,0.6704
3536.75,3458.8733,0,0.0176,2.6252,1786.5688,1,0.7045
3536.8999,3396.741,0,0.0176,2.6205,1773.2784,1,0.8212
3537.05,3165.5122,0,0.0176,2.6237,1746.0376,1,0.8721
3537.2,3144.5483,0,0.0176,2.6188,1733.7218,1,0.8793
3537.3501,3200.2649,0,0.0176,2.6229,1709.3329,1,0.8584
3537.5,3247.4041,0,0.0176,2.6161,1708.6857,1,0.7578
3537.6499,3389.6782,0,0.0176,2.6193,1716.8915,1,0.6985
3537.8,3442.9109,0,0.0176,2.6175,1721.7722,1,0.7444
3537.95,3518.5317,0,0.0176,2.6291,1727.4203,1,0.7707
3538.1001,3526.7478,0,0.0176,2.6335,1733.8879,1,0.7797
3538.25,3515.0457,0,0.0176,2.631,1720.3461,1,0.6837
3538.3999,3517.1826,0,0.0176,2.6298,1706.6188,1,0.6751
3538.55,3506.9285,0,0.0176,2.6264,1684.9236,1,0.6918
3538.7,3498.3186,0,0.0176,2.6228,1681.5697,1,0.76
3538.8501,3451.3967,0,0.0176,2.6168,1683.9589,1,0.7836
3539,3418.6848,0,0.0176,2.6204,1681.1746,1,0.8089
3539.1499,3418.9465,0,0.0176,2.6322,1670.3777,1,0.8218
3539.3,3418.1294,0,0.0176,2.6309,1656.8368,1,0.8318
3539.45,3407.9055,0,0.0176,2.629,1641.9949,1,0.7763
3539.6001,3361.5525,0,0.0176,2.63,1636.157,1,0.7389
3539.75,3336.3091,0,0.0176,2.6307,1636.4089,1,0.7117
3539.8999,3340.1016,0,0.0176,2.633,1606.549,1,0.7576
3540.05,3348.5483,0,0.0176,2.6314,1559.6558,1,0.7661
3540.2,3354.1968,0,0.0176,2.6309,1516.6289,1,0.713
3540.3501,3350.207,0,0.0176,2.6284,1502.8977,1,0.6677
3540.5,3345.189,0,0.0176,2.631,1503.6785,1,0.6954
3540.6499,3350.0459,0,0.0176,2.6354,1498.9227,1,0.7947
3540.8,3365.5942,0,0.0176,2.6304,1494.5984,1,0.8618
3540.95,3363.5593,0,0.0122,2.6279,1496.8291,1,0.8916
3541.1001,3355.8254,0,0.0126,2.6299,1506.0537,1,0.8821
3541.25,3357.1348,0,0.0172,2.628,1509.3994,1,0.8772
3541.3999,3352.9722,0,0.0228,2.6177,1507.816,1,0.8829
3541.55,3345.4194,0,0.0239,2.6126,1502.9434,1,0.888
3541.7,3335.1812,0,0.0213,2.623,1504.9276,1,0.8791
3541.8501,3316.7954,0,0.0269,2.6353,1514.0377,1,0.8215
3542,3300.9309,0,0.0348,2.636,1512.8529,1,0.7726
3542.1499,3299.1946,0,0.0366,2.63,1498.7424,1,0.7623
3542.3,3299.1021,0,0.0338,2.6269,1482.8424,1,0.7701
3542.45,3295.0337,0,0.0272,2.6305,1479.0679,1,0.8054
3542.6001,3298.7168,0,0.0233,2.6331,1481.0087,1,0.8357
3542.75,3305.5598,0,0.0283,2.627,1476.0167,1,0.8239
3542.8999,3318.7412,0,0.0383,2.6172,1467.7396,1,0.7758
3543.05,3326.1382,0,0.0449,2.6055,1463.2559,1,0.7436
3543.2,3316.8533,0,0.0449,2.6049,1462.9746,1,0.7338
3543.3501,3315.6655,0,0.0424,2.6119,1463.7833,1,0.7296
3543.5,3318.9626,0,0.0376,2.619,1466.4172,1,0.754
3543.6499,3321.9473,0,0.0365,2.6198,1468.2461,1,0.762
3543.8,3322.0776,0,0.0388,2.6158,1465.1946,1,0.7833
3543.95,3328.1084,0,0.0386,2.6189,1458.5125,1,0.7965
3544.1001,3329.5696,0,0.0364,2.6254,1449.179,1,0.8203
3544.25,3329.061,0,0.0321,2.6222,1441.2072,1,0.8453
3544.3999,3327.9146,0,0.0343,2.6204,1438.7269,1,0.8126
3544.55,3326.2354,0,0.0366,2.6161,1456.5403,1,0.7703
3544.7,3325.4651,0,0.0327,2.6182,1474.4929,1,0.7982
3544.8501,3332.8108,0,0.0276,2.6185,1489.009,1,0.8437
3545,3354.2698,0,0.0286,2.6178,1484.9581,1,0.8364
3545.1499,3394.1731,0,0.0348,2.627,1484.1128,1,0.7435
3545.3,3420.792,0,0.0388,2.6283,1490.2997,1,0.6879
3545.45,3441.0161,0,0.0377,2.6308,1489.246,1,0.6705
3545.6001,3437.22,0,0.0305,2.6352,1483.4073,1,0.6979
3545.75,3406.2585,0,0.0282,2.6309,1480.5387,1,0.7587
3545.8999,3378.0552,0,0.0278,2.6324,1488.0127,1,0.7663
3546.05,3351.3882,0,0.0343,2.6228,1510.6617,1,0.7516
3546.2,3347.8928,0,0.0257,2.6349,1520.1833,1,0.7701
3546.3501,3360.6431,0,0.0141,2.6427,1526.9489,1,0.8198
3546.5,3369.3594,0,0.0064,2.6413,1525.9552,1,0.8569
3546.6499,3382.9802,0,0.0166,2.6353,1518.7,1,0.7585
3546.8,3385.1672,0,0.0138,2.6253,1519.9344,1,0.7778
3546.95,3387.2021,0,0.0202,2.6292,1522.1427,1,0.6998
3547.1001,3383.4041,0,0.0162,2.6224,1522.4592,1,0.7371
3547.25,3367.3911,0,0.0226,2.6213,1516.0873,1,0.7215
3547.3999,3363.8672,0,0.0177,2.6209,1509.3163,1,0.7781
3547.55,3334.8269,0,0.0269,2.618,1506.7288,1,0.7655
3547.7,3331.3706,0,0.034,2.613,1503.3163,1,0.7541
3547.8501,3336.082,0,0.0401,2.6107,1503.0392,1,0.7439
3548,3334.3596,0,0.036,2.6175,1502.1183,1,0.7689
3548.1499,3332.2788,0,0.0246,2.6231,1502.8273,1,0.848
3548.3,3331.1147,0,0.0282,2.6228,1498.8883,1,0.8218
3548.45,3329.2751,0,0.0294,2.6157,1490.0579,1,0.8046
3548.6001,3328.0122,0,0.037,2.6059,1483.6807,1,0.7653
3548.75,3319.9192,0,0.0354,2.6082,1475.7518,1,0.7872
3548.8999,3314.0552,0,0.0369,2.6079,1479.6838,1,0.7994
3549.05,3307.3501,0,0.037,2.6052,1490.2228,1,0.7791
3549.2,3317.1143,0,0.0361,2.6042,1501.0294,1,0.7584
3549.3501,3322.4663,0,0.0383,2.6072,1500.2898,1,0.7291
3549.5,3321.3135,0,0.0383,2.6121,1495.1639,1,0.7521
3549.6499,3318.1289,0,0.034,2.6267,1489.9016,1,0.7879
3549.8,3328.9419,0,0.0284,2.6349,1488.1094,1,0.8233
3549.95,3342.6301,0,0.027,2.6381,1482.8766,1,0.8272
3550.1001,3344.8352,0,0.0299,2.6348,1476.8832,1,0.808
3550.25,3346.8552,0,0.0258,2.6375,1472.0631,1,0.814
3550.3999,3328.1685,0,0.0232,2.639,1468.7968,1,0.8113
3550.55,3302.5708,0,0.0211,2.6363,1464.6083,1,0.8317
3550.7,3315.0911,0,0.0265,2.6294,1464.0028,1,0.8257
3550.8501,3343.7424,0,0.0315,2.6231,1467.7567,1,0.817
3551,3359.3201,0,0.0288,2.6191,1477.4556,1,0.8384
3551.1499,3378.5178,0,0.0232,2.6245,1490.1827,1,0.8353
3551.3,3384.9915,0,0.0274,2.6301,1503.9916,1,0.7363
3551.45,3365.0876,0,0.0369,2.6306,1514.2042,1,0.6225
3551.6001,3339.6177,0,0.0408,2.6286,1521.969,1,0.6016
3551.75,3342.1943,0,0.0386,2.624,1535.449,1,0.6689
3551.8999,3375.981,0,0.029,2.627,1555.0773,1,0.7898
3552.05,3415.4277,0,0.0255,2.6309,1581.0508,1,0.8589
3552.2,3446.2046,0,0.0244,2.6319,1604.545,1,0.8743
3552.3501,3454.22,0,0.0227,2.632,1620.226,1,0.8563
3552.5,3436.9731,0,0.0255,2.6326,1628.6107,1,0.7991
3552.6499,3395.7368,0,0.0249,2.6373,1631.8983,1,0.7747
3552.8,3396.8145,0,0.0289,2.6374,1629.6344,1,0.765
3552.95,3399.8223,0,0.0287,2.6327,1615.6256,1,0.7764
3553.1001,3406.8401,0,0.0399,2.6227,1604.6173,1,0.7118
3553.25,3396.5061,0,0.044,2.6235,1603.457,1,0.6772
3553.3999,3394.0847,0,0.0433,2.63,1608.3247,1,0.6402
3553.55,3379.0593,0,0.0311,2.6384,1601.8339,1,0.6945
3553.7,3390.0688,0,0.0305,2.6387,1590.3479,1,0.6645
3553.8501,3401.5383,0,0.032,2.6428,1579.4106,1,0.6346
3554,3397.7617,0,0.0384,2.6323,1582.4381,1,0.5743
3554.1499,3402.7458,1,0.0405,2.6187,1585.1154,1,0.565
3554.3,3436.072,1,0.0305,2.6103,1580.2958,1,0.649
3554.45,3477.8447,1,0.0223,2.6162,1574.5508,1,0.6915
3554.6001,3493.6196,1,0.0116,2.6226,1577.7825,1,0.7376
3554.75,3510.4822,1,0.0358,2.6223,1595.8676,1,0.5628
3554.8999,3526.708,1,0.0421,2.625,1620.3586,1,0.5052
3555.05,3556.6677,0,0.0482,2.6288,1663.4391,1,0.4437
3555.2,3570.2383,0,0.0387,2.6399,1700.6296,1,0.4722
3555.3501,3645.78,0,0.0282,2.6476,1753.4908,1,0.5124
3555.5,3664.6978,0,0.0245,2.6525,1780.83,1,0.5249
3555.6499,3720.2205,0,0.0292,2.6594,1799.7661,1,0.4835
3555.8,3745.3989,0,0.0268,2.6641,1802.9326,1,0.4745
3555.95,3789.3171,0,0.0207,2.6621,1811.8732,1,0.488
3556.1001,3799.8416,0,0.0157,2.6579,1823.7063,1,0.5189
3556.25,3793.8801,0,0.0214,2.647,1858.203,1,0.5474
3556.3999,3801.1531,0,0.0239,2.6548,1875.6764,1,0.548
3556.55,3844.4739,0,0.0262,2.6549,1870.6093,1,0.5098
3556.7,3806.2439,0,0.0251,2.6583,1846.1586,1,0.4909
3556.8501,3700.8616,0,0.021,2.654,1771.7784,1,0.5565
3557,3648.7476,0,0.0242,2.6534,1734.1815,1,0.5987
3557.1499,3607.5339,0,0.0215,2.6431,1694.6599,1,0.737
3557.3,3599.0745,0,0.0168,2.6417,1692.2307,1,0.7798
3557.45,3581.561,0,0.0044,2.6403,1703.5234,1,0.834
3557.6001,3565.2009,0,0.0057,2.6423,1712.0262,1,0.8141
3557.75,3539.2939,0,0.0186,2.6355,1714.1492,1,0.7555
3557.8999,3531.5747,0,0.0268,2.637,1718.0394,1,0.7299
3558.05,3548.9822,0,0.0249,2.6374,1731.2235,1,0.7603
3558.2,3562.8467,0,0.0163,2.6351,1738.1301,1,0.8315
3558.3501,3568.5334,0,0.0064,2.6297,1734.9604,1,0.8694
3558.5,3535.98,0,0.0087,2.6313,1727.3594,1,0.8121
3558.6499,3484.7568,0,0.0255,2.637,1721.4412,1,0.6625
3558.8,3424.0491,0,0.0308,2.6354,1710.6158,1,0.6209
3558.95,3389.2085,0,0.0313,2.6331,1683.5135,1,0.6355
3559.1001,3384.4504,0,0.0259,2.6274,1659.7981,1,0.7103
3559.25,3397.0459,0,0.0235,2.6297,1656.1549,1,0.7544
3559.3999,3402.041,0,0.0184,2.6288,1668.8269,1,0.7969
3559.55,3395.5117,0,0.0203,2.6222,1677.0531,1,0.7829
3559.7,3393.5945,0,0.022,2.6218,1668.0658,1,0.7675
3559.8501,3390.5991,0,0.0256,2.6232,1651.7448,1,0.7576
3560,3368.22,0,0.0243,2.6265,1642.0765,1,0.7971
3560.1499,3350.0059,0,0.0306,2.6216,1638.4622,1,0.8044
3560.3,3359.0364,0,0.0363,2.6205,1613.2902,1,0.7988
3560.45,3366.3591,0,0.0341,2.622,1574.2097,1,0.8286
3560.6001,3360.3538,0,0.0281,2.628,1546.8395,1,0.8775
3560.75,3356.1885,0,0.0208,2.6353,1545.3788,1,0.9178
3560.8999,3348.7354,0,0.0213,2.6378,1559.5374,1,0.8805
3561.05,3354.1948,0,0.0247,2.6404,1577.2614,1,0.7981
3561.2,3359.8274,0,0.0223,2.6416,1598.8828,1,0.7702
3561.3501,3357.1873,0,0.023,2.6431,1618.9249,1,0.7566
3561.5,3340.8149,0,0.0246,2.6412,1630.5116,1,0.7406
3561.6499,3293.5452,0,0.0241,2.6394,1634.6788,1,0.7191
3561.8,3277.1335,0,0.0256,2.6458,1642.3628,1,0.6624
3561.95,3292.0686,0,0.0216,2.6541,1649.5609,1,0.6592
3562.1001,3320.3132,0,0.0222,2.6568,1656.1703,1,0.6556
3562.25,3342.4705,0,0.0194,2.6524,1656.775,1,0.7046
3562.3999,3344.1504,0,0.0111,2.6422,1652.5731,1,0.8
3562.55,3343.1565,0,0.01,2.6333,1639.5543,1,0.862
3562.7,3337.5049,0,0.0124,2.6246,1631.2463,1,0.9016
3562.8501,3325.0869,0,0.0181,2.6218,1625.2406,1,0.8785
3563,3322.3435,0,0.0221,2.6223,1623.6656,1,0.8356
3563.1499,3322.3713,0,0.018,2.6252,1615.4648,1,0.8515
3563.3,3322.3176,0,0.0198,2.6284,1608.173,1,0.8636
3563.45,3320.0952,0,0.0229,2.6269,1603.344,1,0.9086
3563.6001,3319.0107,0,0.0277,2.6321,1598.1022,1,0.8346
3563.75,3316.7134,0,0.0083,2.6354,1588.3696,1,0.7952
3563.8999,3315.5154,0,0.0261,2.6406,1579.5876,1,0.8042
3564.05,3307.5325,0,0.0096,2.6424,1566.3658,1,0.8861
3564.2,3282.0535,0,0.0041,2.6408,1556.662,1,0.8999
3564.3501,3247.3911,0,0.0199,2.6322,1547.6107,1,0.8409
3564.5,3240.0129,0,0.0163,2.6323,1543.2339,1,0.8748
3564.6499,3233.1653,0,0.0184,2.6364,1539.1904,1,0.8834
3564.8,3285.8398,0,0.0126,2.6348,1533.532,1,0.9201
3564.95,3345.5737,0,0.0155,2.6269,1539.3251,1,0.9198
3565.1001,3351.3406,0,0.0162,2.6214,1546.6522,1,0.9011
3565.25,3398.3899,0,0.0265,2.6226,1579.007,1,0.7718
3565.3999,3397.561,0,0.0333,2.6234,1596.8325,1,0.6835
3565.55,3377.8574,0,0.0322,2.6272,1624.4619,1,0.6495
3565.7,3363.3809,0,0.034,2.627,1628.582,1,0.6443
3565.8501,3382.9683,0,0.0339,2.6318,1647.8127,1,0.6626
3566,3380.332,0,0.0368,2.6362,1655.266,1,0.6355
3566.1499,3387.2673,0,0.0324,2.6416,1669.1738,1,0.6416
3566.3,3405.4158,0,0.0323,2.639,1681.931,1,0.632
3566.45,3390.168,0,0.0258,2.6385,1716.0648,1,0.6503
3566.6001,3394.8667,0,0.0202,2.6429,1746.5835,1,0.6503
3566.75,3416.3779,0,0.0214,2.651,1782.1573,1,0.5874
3566.8999,3472.5974,0,0.0238,2.6522,1797.4424,1,0.5495
3567.05,3524.7161,0,0.0267,2.6545,1793.9932,1,0.5287
3567.2,3532.7454,0,0.0275,2.656,1787.016,1,0.5315
3567.3501,3547.4238,0,0.0331,2.6527,1784.4972,1,0.5195
3567.5,3561.5159,0,0.0385,2.6476,1786.27,1,0.4981
3567.6499,3561.8992,0,0.0446,2.6431,1777.7681,1,0.4767
3567.8,3537.8589,0,0.0448,2.6429,1759.7543,1,0.4831
3567.95,3485.4746,0,0.0428,2.6481,1737.7373,1,0.4828
3568.1001,3430.4788,1,0.0368,2.6514,1724.6799,1,0.509
3568.25,3422.7756,1,0.0413,2.6473,1729.5804,1,0.5059
3568.3999,3424.8833,1,0.05,2.6422,1751.0624,1,0.4834
3568.55,3489.1689,1,0.0576,2.6419,1791.3795,1,0.473
3568.7,3589.3877,1,0.0618,2.6397,1853.2568,1,0.4626
3568.8501,3699.012,1,0.0636,2.6287,1921.6501,1,0.4419
3569,3798.5005,1,0.0606,2.619,2021.2983,1,0.3709
3569.1499,3922.6252,1,0.0513,2.6186,2107.0728,1,0.2789
3569.3,4006.636,1,0.0407,2.6265,2171.3914,1,0.2193
3569.45,4032.2412,1,0.0354,2.6347,2200.4565,1,0.1997
3569.6001,4035.3748,1,0.0318,2.6437,2214.4929,1,0.2199
3569.75,4005.7803,1,0.0302,2.6468,2221.4551,1,0.2347
3569.8999,3982.96,1,0.0276,2.6442,2213.719,1,0.2708
3570.05,3919.2244,0,0.0243,2.638,2181.7185,1,0.3328
3570.2,3858.6008,0,0.021,2.6361,2138.9773,1,0.4075
3570.3501,3820.9609,0,0.019,2.6396,2096.5076,1,0.4757
3570.5,3792.6414,0,0.0211,2.6419,2060.1384,1,0.5039
3570.6499,3791.1985,0,0.0226,2.6402,2031.4442,1,0.5308
3570.8,3767.0034,0,0.0233,2.6338,2008.901,1,0.5747
3570.95,3755.1265,0,0.0277,2.6278,2002.0664,1,0.5985
3571.1001,3771.0364,0,0.0316,2.6243,1999.7085,1,0.5983
3571.25,3774.0872,0,0.0299,2.6266,1994.0935,1,0.5841
3571.3999,3758.2534,0,0.0284,2.6308,1982.2928,1,0.5681
3571.55,3727.7605,0,0.0293,2.6307,1967.9652,1,0.5912
3571.7,3674.075,0,0.0293,2.6295,1955.5424,1,0.6518
3571.8501,3601.5422,0,0.0243,2.6278,1945.928,1,0.7174
3572,3571.8716,0,0.015,2.6312,1934.9414,1,0.755
3572.1499,3564.0579,0,0.0137,2.6314,1917.8948,1,0.7285
3572.3,3504.7864,0,0.0172,2.6275,1914.0076,1,0.7125
3572.45,3348.4421,0,0.0147,2.6255,1902.9265,1,0.761
3572.6001,3200.8499,0,0.0177,2.6221,1890.2493,1,0.777
3572.75,3151.1335,0,0.0175,2.6226,1859.7208,1,0.7986
3572.8999,3200.356,0,0.0187,2.629,1828.9053,1,0.7862
3573.05,3331.1147,0,0.0097,2.6402,1814.2448,1,0.8402
3573.2,3439.2231,0,0.0031,2.6389,1820.839,1,0.914
3573.3501,3596.5032,0,0.012,2.6283,1853.3503,1,0.9217
3573.5,3701.5017,0,0.0114,2.6278,1885.5015,1,0.9135
3573.6499,3706.574,0,0.0021,2.6392,1913.1379,1,0.8702
3573.8,3666.4109,0,0.0003,2.6478,1918.8403,1,0.8149
3573.95,3652.8376,0,0.002,2.6542,1896.127,1,0.8039
3574.1001,3635.3538,0,0.0089,2.6572,1873.3074,1,0.7238
3574.25,3602.7632,0,0.0213,2.6515,1828.2917,1,0.6731
3574.3999,3576.6309,0,0.0276,2.6422,1811.5153,1,0.6599
3574.55,3552.6782,0,0.0189,2.6309,1792.2024,1,0.7454
3574.7,3545.7891,0,0.0202,2.6305,1792.5928,1,0.7405
3574.8501,3530.0181,0,0.0155,2.6347,1806.5538,1,0.7894
3575,3538.0798,0,0.0068,2.637,1811.2863,1,0.8511
3575.1499,3565.4424,0,0.0013,2.6431,1819.7893,1,0.8705
3575.3,3565.4617,0,0.0069,2.6464,1817.9351,1,0.8055
3575.45,3584.2517,0,0.0201,2.6428,1815.3236,1,0.6901
3575.6001,3585.3347,0,0.0139,2.6405,1817.4515,1,0.7286
3575.75,3581.9001,0,0.0116,2.6476,1826.6519,1,0.7466
3575.8999,3562.6436,0,0.0116,2.6505,1829.3007,1,0.7384
3576.05,3543.7603,0,0.015,2.6537,1824.2129,1,0.6926
3576.2,3536.062,0,0.0087,2.6553,1821.6425,1,0.711
3576.3501,3543.7234,0,0.0008,2.6623,1829.0334,1,0.7944
3576.5,3555.032,0,0,2.6595,1842.0518,1,0.819
3576.6499,3565.8569,0,0.0011,2.649,1861.3057,1,0.8215
3576.8,3587.7981,0,0.0101,2.6411,1870.5621,1,0.7745
3576.95,3616.9812,0,0.0212,2.6352,1890.731,1,0.7061
3577.1001,3626.5251,0,0.03,2.636,1907.209,1,0.6326
3577.25,3675.5718,0,0.0393,2.6344,1928.3575,1,0.5621
3577.3999,3679.27,0,0.0418,2.6299,1937.5366,1,0.5358
3577.55,3648.8562,0,0.0403,2.6217,1941.7177,1,0.5607
3577.7,3648.7515,0,0.0328,2.6233,1941.7114,1,0.6088
3577.8501,3655.0742,0,0.0269,2.629,1939.7021,1,0.6328
3578,3652.3577,0,0.0246,2.6389,1930.6946,1,0.6243
3578.1499,3649.5654,0,0.0315,2.642,1919.5472,1,0.5564
3578.3,3616.3564,0,0.0389,2.6354,1904.7152,1,0.5128
3578.45,3606.8972,0,0.0459,2.6254,1895.2169,1,0.4811
3578.6001,3600.1206,0,0.0459,2.6169,1899.354,1,0.507
3578.75,3591.2166,0,0.0476,2.6157,1914.3711,1,0.5243
3578.8999,3578.7183,0,0.0501,2.6141,1932.8776,1,0.5351
3579.05,3575.5569,0,0.049,2.6153,1943.7592,1,0.5446
3579.2,3568.2073,0,0.038,2.6269,1943.8042,1,0.5794
3579.3501,3565.7285,0,0.0304,2.633,1947.0619,1,0.598
3579.5,3579.1091,0,0.0301,2.6347,1955.4714,1,0.5973
3579.6499,3618.0635,0,0.0322,2.6335,1963.073,1,0.6004
3579.8,3689.355,0,0.0354,2.6305,1972.7644,1,0.5894
3579.95,3741.8704,0,0.0368,2.6291,1987.1322,1,0.5768
3580.1001,3754.167,0,0.042,2.6217,2007.2754,1,0.5391
3580.25,3740.7646,0,0.0509,2.6103,2019.5394,1,0.4579
3580.3999,3719.4688,0,0.0613,2.5946,2004.8737,1,0.347
3580.55,3705.5166,0,0.071,2.5805,1974.7,1,0.2722
3580.7,3680.3916,0,0.0711,2.5833,1948.2445,1,0.3083
3580.8501,3657.7041,0,0.0581,2.6053,1934.8369,1,0.4225
3581,3670.5127,0,0.0388,2.631,1938.0698,1,0.5304
3581.1499,3702.0491,0,0.0323,2.6349,1951.8257,1,0.5417
3581.3,3717.01,0,0.0329,2.6321,1980.4714,1,0.5295
3581.45,3738.2051,0,0.0333,2.6319,2010.4813,1,0.5244
3581.6001,3735.8381,0,0.0314,2.6326,2034.3425,1,0.5101
3581.75,3748.7483,0,0.0353,2.6325,2047.6245,1,0.4585
3581.8999,3735.0015,0,0.0368,2.6295,2059.1855,1,0.4516
3582.05,3749.1663,2,0.0483,2.6138,2068.8938,1,0.453
3582.2,3748.1831,2,0.0597,2.5892,2079.8352,1,0.449
3582.3501,3745.0532,2,0.0728,2.5727,2095.2668,1,0.381
3582.5,3754.7295,2,0.0702,2.5811,2114.5129,1,0.363
3582.6499,3750.6238,2,0.0657,2.5926,2145.7876,0.868,0.3561
3582.8,3760.8225,2,0.0764,2.5734,2167.0076,0.5151,0.3294
3582.95,3783.219,2,0.1038,2.5253,2190.863,0.3794,0.2501
3583.1001,3790.4009,2,0.1194,2.5014,2194.2776,0.3794,0.21
3583.25,3737.2131,2,0.1305,2.4805,2200.425,0.3794,0.172
3583.3999,3723.7822,2,0.1374,2.4656,2201.0757,0.3776,0.1419
3583.55,3717.7212,2,0.1443,2.4481,2195.7529,0.3647,0.1089
3583.7,3720.0996,2,0.149,2.439,2189.9622,0.3647,0.1034
3583.8501,3627.1626,2,0.1543,2.4294,2183.5203,0.3641,0.0994
3584,3661.571,2,0.1585,2.4214,2172.4287,0.3622,0.0887
3584.1499,3670.1375,2,0.1594,2.4183,2135.5176,0.3618,0.0687
3584.3,3693.136,2,0.1563,2.4215,2102.9888,0.3618,0.0908
3584.45,3715.8486,2,0.1467,2.4298,2096.418,0.3629,0.1843
3584.6001,3754.7385,2,0.1389,2.4313,2109.1455,0.3671,0.2492
3584.75,3824.4482,2,0.1398,2.4316,2162.4504,0.3681,0.212
3584.8999,3814.394,2,0.1471,2.4288,2174.8079,0.3681,0.1484
3585.05,3841.76,2,0.1501,2.4346,2212.9365,0.3653,0.0969
3585.2,3838.062,2,0.1492,2.4388,2240.2551,0.3652,0.0965
3585.3501,3845.2551,2,0.1454,2.4463,2267.1221,0.3653,0.0991
3585.5,3808.7661,2,0.1444,2.4474,2272.3486,0.3661,0.0965
3585.6499,3850.1641,2,0.1463,2.4438,2271.6355,0.3664,0.0908
3585.8,3931.6184,2,0.1473,2.4429,2284.0801,0.3664,0.096
3585.95,4347.6279,2,0.1441,2.4495,2299.0383,0.3687,0.1105
3586.1001,4617.2695,2,0.1373,2.46,2306.2568,0.3853,0.1185
3586.25,4660.2344,2,0.1119,2.5021,2306.6462,0.3913,0.1222
3586.3999,4625.2749,2,0.0857,2.5486,2311.9634,0.3913,0.1188
3586.55,4292.0293,2,0.0564,2.6032,2311.7249,0.8802,0.1327
3586.7,4008.8242,2,0.0555,2.6084,2309.1475,1,0.1411
3586.8501,3873.7847,2,0.0808,2.5622,2301.6091,1,0.1318
3587,3804.3804,2,0.1077,2.5131,2302.5588,1,0.1083
3587.1499,3769.1914,2,0.1286,2.474,2306.6477,0.5339,0.0924
3587.3,3762.1003,2,0.1386,2.456,2311.0818,0.3696,0.0892
3587.45,3786.9429,2,0.144,2.4457,2299.2305,0.3696,0.0955
3587.6001,3829.6594,2,0.1468,2.4398,2278.1199,0.3677,0.0959
3587.75,3860.8594,2,0.1467,2.4384,2260.1079,0.3668,0.099
3587.8999,3862.8501,2,0.1449,2.4394,2250.5569,0.3668,0.0997
3588.05,3855.9858,2,0.1452,2.4394,2232.9624,0.3668,0.0908
3588.2,3847.9089,2,0.148,2.4364,2204.8521,0.3661,0.0735
3588.3501,3839.2559,2,0.1491,2.437,2174.6489,0.3657,0.0682
3588.5,3845.9165,2,0.1481,2.4392,2161.4846,0.3657,0.0701
3588.6499,3854.3477,2,0.1473,2.4388,2153.8118,0.3668,0.0713
3588.8,3880.4421,2,0.1463,2.4383,2149.1458,0.3676,0.0697
3588.95,3912.5933,2,0.1432,2.4423,2150.3704,0.3676,0.078
3589.1001,3885.4155,4,0.1407,2.4488,2164.0278,0.3687,0.0844
3589.25,3872.3037,4,0.143,2.449,2184.0828,0.3697,0.0875
3589.3999,3914.9109,4,0.1458,2.4495,2208.5886,0.3697,0.1095
3589.55,4005.2039,4,0.1383,2.4683,2242.3584,0.3697,0.1503
3589.7,4110.7119,4,0.1164,2.508,2299.509,0.4095,0.1824
3589.8501,4401.3701,4,0.0839,2.5586,2373.3857,0.4549,0.1892
3590,4779.1792,4,0.0543,2.6011,2434.595,0.5499,0.1704
3590.1499,4837.2578,2,0.0388,2.6256,2466.073,0.7102,0.1406
3590.3,4787.0508,2,0.0391,2.63,2465.4739,0.8582,0.1234
3590.45,4744.0981,2,0.0594,2.5982,2452.3208,1,0.1035
3590.6001,4547.2759,2,0.0916,2.541,2424.0491,0.7801,0.0838
3590.75,4265.5684,2,0.1201,2.4901,2400.3169,0.3984,0.071
3590.8999,4104.916,2,0.1351,2.4636,2372.3647,0.3763,0.0674
3591.05,3992.3735,2,0.1388,2.4572,2338.7024,0.3716,0.0778
3591.2,3944.1438,2,0.1396,2.4557,2283.8694,0.3711,0.0852
3591.3501,3942.822,2,0.1407,2.4534,2243.0017,0.3697,0.0883
3591.5,3930.8315,2,0.141,2.4532,2218.4187,0.3697,0.0848
3591.6499,3939.3127,2,0.1417,2.451,2207.8635,0.3691,0.0766
3591.8,3945.0715,2,0.1426,2.446,2198.7964,0.3677,0.0694
3591.95,3958.5586,2,0.1449,2.4391,2190.293,0.3676,0.0525
3592.1001,3962.5054,2,0.1481,2.4319,2189.9888,0.3676,0.0403
3592.25,3959.0496,2,0.1487,2.4318,2191.9688,0.3673,0.0361
3592.3999,3958.1597,2,0.149,2.4312,2193.7571,0.3667,0.0387
3592.55,3950.3792,2,0.1478,2.4352,2198.7009,0.3666,0.05
3592.7,3941.9258,2,0.1485,2.4358,2202.9502,0.3665,0.0631
3592.8501,3945.0791,2,0.1521,2.4309,2221.6917,0.3662,0.0764
3593,3978.1987,2,0.1515,2.431,2229.9519,0.3662,0.0817
3593.1499,3980.655,2,0.1483,2.435,2253.7463,0.3662,0.0807
3593.3,3997.5129,2,0.145,2.4412,2269.4971,0.3665,0.0727
3593.45,3940.697,2,0.1446,2.4444,2313.1873,0.369,0.067
3593.6001,3932.5396,2,0.1439,2.4456,2329.854,0.369,0.0644
3593.75,3929.6255,2,0.1423,2.4477,2346.9661,0.3691,0.0646
3593.8999,3937.783,2,0.1429,2.4454,2350.4331,0.3694,0.0675
3594.05,3954.7297,4,0.1436,2.4463,2371.6013,0.3695,0.0671
3594.2,4075.4766,4,0.1414,2.452,2380.5552,0.3695,0.0787
3594.3501,4224.1313,4,0.1225,2.4878,2350.1604,0.4267,0.1066
3594.5,4291.333,4,0.1046,2.5196,2309.707,0.4274,0.1256
3594.6499,4265.6338,4,0.0624,2.5943,2227.8296,0.4274,0.16
3594.8,4271.228,4,0.044,2.6279,2211.0491,0.4274,0.1869
3594.95,4116.645,4,0.0443,2.6258,2205.5068,0.9571,0.2114
3595.1001,3974.4595,2,0.0643,2.5855,2214.6357,1,0.2023
3595.25,3830.0222,2,0.1164,2.4908,2249.9126,0.9336,0.116
3595.3999,3797.3958,2,0.1434,2.4421,2286.2678,0.5125,0.0752
3595.55,3841.0388,2,0.1595,2.4178,2335.6443,0.3679,0.061
3595.7,3927.3252,2,0.1533,2.4301,2342.2808,0.3679,0.0902
3595.8501,4004.7893,2,0.1266,2.4801,2329.8672,0.3727,0.1219
3596,4062.2813,2,0.1,2.5278,2314.1187,0.4162,0.1411
3596.1499,4058.7642,2,0.0749,2.5704,2278.6033,0.4332,0.1447
3596.3,4032.353,2,0.0758,2.5676,2235.8589,0.4332,0.1332
3596.45,3981.3054,2,0.0967,2.5283,2194.9365,0.401,0.134
3596.6001,3853.6292,2,0.1145,2.4977,2173.4448,0.3911,0.1418
3596.75,3734.6731,2,0.114,2.4955,2155.4624,0.4076,0.1788
3596.8999,3701.0762,2,0.0955,2.5275,2122.9778,0.4486,0.2376
3597.05,3718.2295,0,0.0656,2.58,2082.271,0.5518,0.3514
3597.2,3734.1936,0,0.0432,2.619,2052.2463,0.8647,0.4663
3597.3501,3736.6782,0,0.0348,2.6328,2040.5339,1,0.5256
3597.5,3720.238,0,0.0374,2.6281,2046.6139,1,0.4851
3597.6499,3709.1748,0,0.0407,2.6228,2064.2229,1,0.4149
3597.8,3728.1919,0,0.0448,2.6193,2093.9641,1,0.3627
3597.95,3777.9954,0,0.0494,2.6141,2129.1042,1,0.3574
3598.1001,3790.6333,2,0.0624,2.5949,2160.5479,1,0.3447
3598.25,3799.5156,2,0.0829,2.5562,2182.0513,0.6879,0.2927
3598.3999,3805.6624,2,0.1015,2.5198,2186.2249,0.435,0.2333
3598.55,3805.9634,2,0.1104,2.5036,2178.8767,0.4039,0.2097
3598.7,3809.8662,2,0.1106,2.5036,2174.6685,0.3905,0.219
3598.8501,3812.8513,2,0.1136,2.5007,2177.1968,0.3905,0.2215
3599,3817.7209,2,0.124,2.4842,2181.7224,0.3814,0.2003
3599.1499,3824.1116,2,0.1363,2.4615,2186.2117,0.3721,0.1639
3599.3,3846.3743,2,0.1451,2.4433,2198.8513,0.3721,0.1248
3599.45,3858.0322,2,0.1486,2.4341,2217.4504,0.3708,0.0925
3599.6001,3845.5598,2,0.1476,2.4359,2226.6875,0.3693,0.0797
3599.75,3837.3647,2,0.1447,2.445,2224.686,0.3693,0.0897
3599.8999,3811.6497,2,0.1449,2.4478,2214.7925,0.3693,0.1013
3600.05,3764.4932,2,0.1478,2.445,2199.0527,0.3695,0.1103
3600.2,3726.8655,2,0.1473,2.4464,2177.9629,0.3698,0.1251
3600.3501,3708.0339,2,0.1444,2.4507,2155.7053,0.3698,0.1347
3600.5,3696.6672,2,0.1426,2.4538,2140.7214,0.3697,0.1447
3600.6499,3691.7615,2,0.1436,2.452,2139.6689,0.3695,0.1495
3600.8,3712.5303,2,0.1465,2.4461,2148.9141,0.3695,0.1515
3600.95,3774.5195,2,0.1476,2.443,2158.1279,0.3695,0.1549
3601.1001,3818.0571,2,0.1494,2.4368,2164.8999,0.374,0.1281
3601.25,3807.7598,2,0.1392,2.4523,2162.6365,0.3862,0.1051
3601.3999,3842.6328,2,0.1153,2.4949,2164.3711,0.3862,0.127
3601.55,3859.2422,2,0.0862,2.5491,2165.8867,0.3866,0.2082
3601.7,3846.8076,2,0.0836,2.5561,2178.9993,0.3876,0.2348
3601.8501,3831.8215,2,0.1122,2.5012,2211.6709,0.3877,0.179
3602,3839.3831,2,0.1366,2.4597,2248.2085,0.3877,0.1099
3602.1499,3865.6399,2,0.1547,2.4264,2288.7842,0.3821,0.0607
3602.3,3869.4553,2,0.1587,2.4178,2305.8318,0.3667,0.0519
3602.45,3902.4832,2,0.1607,2.4089,2311.8352,0.3647,0.0389
3602.6001,3913.8657,2,0.1546,2.4154,2307.7339,0.3652,0.0528
3602.75,3925.1697,2,0.1511,2.4207,2290.5674,0.3685,0.0712
3602.8999,3923.4792,2,0.1492,2.4239,2278.9407,0.3685,0.0813
3603.05,3910.6531,2,0.148,2.4338,2268.4333,0.369,0.0906
3603.2,3895.9622,2,0.1458,2.441,2267.3494,0.3705,0.0805
3603.3501,3881.1074,2,0.1449,2.4461,2270.8347,0.3708,0.0684
3603.5,3866.6228,2,0.1443,2.4469,2271.2517,0.3708,0.0558
3603.6499,3858.001,2,0.1464,2.44,2267.6563,0.3708,0.0479
3603.8,3840.7588,2,0.1458,2.441,2264.6438,0.3707,0.0556
3603.95,3819.2231,2,0.1466,2.4362,2264.3765,0.3707,0.0915
3604.1001,3830.137,2,0.1451,2.4384,2269.7629,0.3707,0.1078
3604.25,3882.457,2,0.1378,2.4515,2279.2922,0.3831,0.1235
3604.3999,3907.3086,2,0.1296,2.4705,2281.7588,0.3838,0.1322
3604.55,3932.512,2,0.1177,2.4955,2279.0928,0.3838,0.1494
3604.7,3934.0952,2,0.1134,2.5017,2275.7119,0.3838,0.1585
3604.8501,3948.9141,2,0.1157,2.494,2261.6985,0.3867,0.146
3605,3934.2925,2,0.1187,2.4901,2250.6685,0.387,0.137
3605.1499,3915.5493,2,0.1239,2.4843,2228.5764,0.3871,0.1268
3605.3,3900.4492,2,0.124,2.4834,2225.8948,0.3877,0.1264
3605.45,3916.2097,2,0.119,2.4906,2256.2395,0.3879,0.1478
3605.6001,3909.7896,2,0.1161,2.4956,2296.9294,0.3879,0.1595
3605.75,3884.0459,2,0.1194,2.4898,2358.1025,0.3857,0.1621
3605.8999,3866.9895,2,0.124,2.484,2387.875,0.3852,0.1559
3606.05,3935.5811,4,0.1255,2.4806,2428.3086,0.3852,0.159
3606.2,4174.4199,4,0.1219,2.4844,2455.2581,0.3852,0.144
3606.3501,4341.5151,4,0.105,2.5084,2464.4456,0.4458,0.1067
3606.5,4467.311,4,0.0775,2.5552,2455.4373,0.4689,0.0784
3606.6499,4528.1499,4,0.0469,2.6122,2450.2275,0.4715,0.0851
3606.8,4595.9883,4,0.0382,2.6311,2442.0535,0.8256,0.1107
3606.95,4467.1387,4,0.0575,2.5981,2415.144,1,0.1312
3607.1001,4247.4458,4,0.0912,2.5386,2345.9031,1,0.1336
3607.25,4017.0959,4,0.1154,2.4976,2274.9351,1,0.1302
3607.3999,3914.1589,4,0.1171,2.4968,2212.6985,0.6464,0.1551
3607.55,3883.9214,4,0.0992,2.5307,2175.0046,0.4227,0.2357
3607.7,3860.0723,4,0.0754,2.572,2146.4424,0.4226,0.3361
3607.8501,3840.241,4,0.0608,2.5962,2120.8257,0.7484,0.386
3608,3839.9143,4,0.0632,2.5915,2106.9973,1,0.3679
3608.1499,3818.2092,2,0.0832,2.5546,2108.2488,1,0.3033
3608.3,3768.3345,2,0.1118,2.5017,2120.5232,0.6805,0.2267
3608.45,3725.3257,2,0.1332,2.4622,2136.2468,0.3801,0.1743
3608.6001,3701.7224,2,0.1374,2.4557,2148.8657,0.3801,0.1621
3608.75,3696.781,2,0.1303,2.4717,2153.0867,0.3801,0.1753
3608.8999,3701.2717,2,0.127,2.4801,2154.1116,0.3802,0.1725
3609.05,3708.2524,2,0.1308,2.4734,2156.9458,0.3802,0.1544
3609.2,3721.3108,2,0.1332,2.4694,2158.9998,0.3802,0.1521
3609.3501,3738.6355,2,0.1337,2.4708,2159.3062,0.3801,0.1529
3609.5,3739.77,2,0.1372,2.4639,2159.5752,0.3799,0.1446
3609.6499,3748.6038,2,0.1389,2.4562,2158.9028,0.3799,0.1451
3609.8,3761.4297,2,0.1297,2.4683,2160.0864,0.3799,0.1841
3609.95,3794.2625,2,0.1159,2.4928,2169.1685,0.3839,0.2307
3610.1001,3794.5566,2,0.1128,2.5037,2197.8503,0.3916,0.2214
3610.25,3783.1541,2,0.1186,2.495,2243.6611,0.3916,0.1912
3610.3999,3802.2593,2,0.1248,2.4848,2274.2671,0.3879,0.1673
3610.55,3834.9495,2,0.1299,2.4764,2280.4644,0.3789,0.1596
3610.7,3860.4004,2,0.1361,2.4658,2255.5159,0.3789,0.1459
3610.8501,3839.0015,2,0.1411,2.456,2208.9373,0.3808,0.1354
3611,3817.8699,2,0.1381,2.4593,2180.1902,0.385,0.147
3611.1499,3791.1963,2,0.1283,2.4751,2163.6233,0.3853,0.1766
3611.3,3792.2456,2,0.1176,2.4957,2177.9946,0.3853,0.2123
3611.45,3777.1838,2,0.1114,2.5119,2192.8923,0.3857,0.2388
3611.6001,3766.1628,2,0.113,2.5091,2195.177,0.3866,0.2429
3611.75,3760.6113,2,0.126,2.4827,2191.3247,0.3867,0.1972
3611.8999,3765.8538,2,0.1375,2.4596,2196.5872,0.3857,0.1574
3612.05,3785.2188,2,0.1436,2.4468,2214.854,0.379,0.1333
3612.2,3791.6084,2,0.1398,2.4545,2230.6047,0.379,0.1449
3612.3501,3822.5542,2,0.1302,2.4733,2239.2007,0.379,0.1757
3612.5,3832.0652,2,0.1263,2.4795,2244.179,0.3797,0.1911
3612.6499,3895.3542,2,0.124,2.4813,2250.1934,0.3895,0.1997
3612.8,3905.6306,2,0.1231,2.4847,2240.7866,0.3895,0.1981
3612.95,3901.4785,2,0.1124,2.52,2228.0193,0.392,0.2137
3613.1001,3897.4568,2,0.1032,2.5432,2217.1025,0.4016,0.247
3613.25,3879.0359,2,0.1031,2.5434,2215.7595,0.4039,0.2648
3613.3999,3860.2859,2,0.1134,2.5169,2206.2305,0.4039,0.2492
3613.55,3791.9177,2,0.1346,2.4673,2174.8801,0.3813,0.2012
3613.7,3794.354,2,0.1385,2.4579,2164.7209,0.3807,0.1912
3613.8501,3795.3958,2,0.1338,2.4666,2177.6526,0.3807,0.1941
3614,3807.5862,2,0.1278,2.4781,2201.7585,0.3807,0.1996
3614.1499,3825.7432,2,0.129,2.4769,2212.7314,0.3841,0.1827
3614.3,3855.1689,2,0.1288,2.4763,2193.8997,0.3845,0.1855
3614.45,3863.6985,2,0.1269,2.4844,2148.8599,0.3845,0.1862
3614.6001,3858.9883,2,0.1253,2.489,2111.5415,0.3843,0.1858
3614.75,3826.2749,2,0.1278,2.4854,2077.3257,0.3842,0.1728
3614.8999,3791.6648,2,0.1314,2.4738,2066.1396,0.3842,0.1724
3615.05,3725.9846,2,0.1311,2.4661,2072.3774,0.3842,0.2121
3615.2,3722.4966,2,0.1299,2.4604,2068.428,0.3843,0.2552
3615.3501,3782.6028,2,0.1282,2.4609,2042.6118,0.3844,0.2735
3615.5,3924.9961,2,0.1292,2.4602,2006.4086,0.3844,0.2561
3615.6499,3961.9287,2,0.1282,2.4674,1964.672,0.3943,0.2082
3615.8,3944.6362,2,0.1269,2.4745,1940.0219,0.3976,0.1854
3615.95,3889.7361,2,0.1161,2.4969,1930.7089,0.3989,0.2183
3616.1001,3839.8164,0,0.0944,2.5364,1940.3118,0.4535,0.322
3616.25,3843.3542,0,0.0688,2.5852,1954.4801,0.5428,0.4402
3616.3999,3828.0293,0,0.0457,2.6242,1965.0276,0.6806,0.5306
3616.55,3801.0869,0,0.0283,2.6404,1939.6189,0.9077,0.5717
3616.7,3774.9294,0,0.0232,2.6389,1890.0273,1,0.5879
3616.8501,3701.7205,0,0.0293,2.6363,1836.5437,1,0.5876
3617,3584.6208,0,0.0295,2.6373,1810.442,1,0.6498
3617.1499,3520.7927,0,0.022,2.6401,1807.7955,1,0.7339
3617.3,3487.1741,0,0.0117,2.6464,1816.6097,1,0.7894
3617.45,3462.6279,0,0.0087,2.6497,1828.0216,1,0.7829
3617.6001,3474.4573,0,0.008,2.6518,1846.9927,1,0.7593
3617.75,3522.916,0,0.0029,2.651,1868.4596,1,0.7975
3617.8999,3562.9709,0,0,2.6478,1877.1355,1,0.8093
3618.05,3583.2947,0,0.0037,2.6458,1871.4246,1,0.7584
3618.2,3574.9902,0,0.0154,2.6445,1851.6521,1,0.6722
3618.3501,3550.0203,0,0.0233,2.6411,1824.9203,1,0.6215
3618.5,3537.9641,0,0.0224,2.6349,1798.0726,1,0.6438
3618.6499,3522.6672,0,0.02,2.6296,1774.8386,1,0.6797
3618.8,3515.5193,0,0.019,2.6253,1764.4231,1,0.7071
3618.95,3484.689,0,0.025,2.6252,1760.2792,1,0.6744
3619.1001,3458.9031,0,0.0284,2.6294,1753.0742,1,0.6454
3619.25,3484.9109,0,0.0256,2.6352,1745.8353,1,0.661
3619.3999,3472.2617,0,0.0179,2.635,1737.4399,1,0.7309
3619.55,3453.2673,0,0.0125,2.6274,1736.0577,1,0.8049
3619.7,3446.9709,0,0.0184,2.6215,1738.2543,1,0.7807
3619.8501,3433.9792,0,0.0266,2.6208,1743.7307,1,0.7238
3620,3445.7192,0,0.0321,2.618,1744.0277,1,0.6999
3620.1499,3459.4321,0,0.0318,2.6182,1731.8459,1,0.7169
3620.3,3459.928,0,0.0335,2.6152,1723.6378,1,0.7172
3620.45,3457.9172,0,0.0305,2.6147,1728.41,1,0.727
3620.6001,3459.9185,0,0.0252,2.6137,1738.7212,1,0.7633
3620.75,3467.8328,0,0.0221,2.6128,1754.7251,1,0.7746
3620.8999,3480.0208,0,0.026,2.617,1764.2438,1,0.7247
3621.05,3500.8191,0,0.0261,2.6281,1782.382,1,0.6803
3621.2,3522.7178,0,0.0184,2.6394,1798.1824,1,0.7067
3621.3501,3539.1497,0,0.0091,2.6434,1829.8717,1,0.744
3621.5,3566.1792,0,0.0121,2.6407,1841.2814,1,0.7143
3621.6499,3640.7593,0,0.0265,2.6318,1828.2277,1,0.6208
3621.8,3623.373,0,0.039,2.6299,1806.9684,1,0.5645
3621.95,3644.0063,0,0.0459,2.6282,1779.0724,1,0.5739
3622.1001,3637.2676,0,0.0378,2.6324,1768.5542,1,0.6483
3622.25,3524.397,0,0.0244,2.6296,1752.5591,1,0.7554
3622.3999,3472.645,0,0.0252,2.6252,1743.5847,1,0.7565
3622.55,3480.3914,0,0.0196,2.6148,1744.4073,1,0.7994
3622.7,3467.2085,0,0.0117,2.6167,1751.2549,1,0.8579
3622.8501,3479.8782,0,0.0019,2.6302,1765.428,1,0.9037
3623,3488.6016,0,0.0096,2.642,1773.1952,1,0.82
3623.1499,3530.1021,0,0.0182,2.6433,1782.0883,1,0.7507
3623.3,3537.4688,0,0.0206,2.6388,1786.4644,1,0.7165
3623.45,3573.2051,0,0.0325,2.6149,1785.9113,1,0.655
3623.6001,3546.8425,0,0.033,2.6112,1785.6038,1,0.6394
3623.75,3571.7588,0,0.0273,2.6151,1780.6633,1,0.7062
3623.8999,3629.6135,0,0.0239,2.6198,1776.2518,1,0.736
3624.05,3617.8516,0,0.0272,2.6196,1769.0488,1,0.6985
3624.2,3613.9475,0,0.0209,2.6138,1771.1481,1,0.7249
3624.3501,3606.7893,0,0.0193,2.6168,1764.5206,1,0.6854
3624.5,3600.6509,0,0.0204,2.6182,1755.8795,1,0.6626
3624.6499,3573.0469,0,0.0168,2.6216,1743.5153,1,0.6878
3624.8,3569.6968,0,0.022,2.6157,1740.9858,1,0.7059
3624.95,3592.1606,0,0.032,2.6035,1738.1163,1,0.6998
3625.1001,3587.2734,0,0.0408,2.5985,1725.9718,1,0.6466
3625.25,3573.4529,0,0.0264,2.6116,1714.472,1,0.7075
3625.3999,3550.9341,0,0.0064,2.6231,1718.3403,1,0.8238
3625.55,3530.7021,0,0.0065,2.6229,1748.9058,1,0.8289
3625.7,3489.4363,0,0.0137,2.6215,1778.1561,1,0.7904
3625.8501,3467.8408,0,0.0258,2.6209,1780.7299,1,0.7216
3626,3472.5325,0,0.0332,2.6212,1758.2362,1,0.6849
3626.1499,3455.1353,0,0.0336,2.6204,1738.5919,1,0.7084
3626.3,3470.571,0,0.0371,2.6161,1736.0446,1,0.7114
3626.45,3468.6829,0,0.0342,2.6144,1734.2283,1,0.7525
3626.6001,3453.0371,0,0.0325,2.6184,1723.3165,1,0.7365
3626.75,3451.2075,0,0.0277,2.6222,1704.8821,1,0.7133
3626.8999,3465.7207,0,0.0278,2.6259,1691.7402,1,0.6575
3627.05,3454.283,0,0.0315,2.6264,1687.9305,1,0.6174
3627.2,3442.9648,0,0.0288,2.6236,1691.2583,1,0.6803
3627.3501,3438.2468,0,0.0217,2.6211,1695.9834,1,0.7738
3627.5,3434.6572,0,0.0155,2.6243,1697.6484,1,0.825
3627.6499,3437.1064,0,0.0165,2.6296,1701.7006,1,0.7871
3627.8,3446.3362,0,0.0146,2.6371,1705.7585,1,0.7521
3627.95,3458.3379,0,0.0059,2.6494,1706.4135,1,0.7673
3628.1001,3470.6125,0,0.0057,2.6551,1708.3853,1,0.7681
3628.25,3497.0125,0,0.0143,2.65,1714.4734,1,0.7492
3628.3999,3518.9895,0,0.0237,2.6394,1717.162,1,0.704
3628.55,3542.8237,0,0.026,2.6344,1705.0116,1,0.6648
3628.7,3537.6809,0,0.0238,2.6378,1685.1125,1,0.6315
3628.8501,3502.5203,0,0.0217,2.6435,1673.0806,1,0.652
3629,3457.9043,0,0.0103,2.6448,1688.6552,1,0.7482
3629.1499,3439.6172,2,0.0086,2.6416,1731.319,1,0.8182
3629.3,3443.7908,2,0.0377,2.6262,1787.6183,1,0.689
3629.45,3507.2104,2,0.0742,2.596,1842.3666,1,0.5159
3629.6001,3691.1294,2,0.0988,2.5558,1866.7889,0.8348,0.3505
3629.75,4032.7673,2,0.1114,2.5123,1874.9656,0.4024,0.166
3629.8999,4127.5327,2,0.1196,2.4822,1863.8331,0.4024,0.0502
3630.05,4218.7095,0,0.1152,2.4824,1815.3287,0.57,0.0397
3630.2,4111.1621,0,0.0944,2.5268,1743.1711,0.9684,0.1404
3630.3501,3660.4001,0,0.0488,2.6012,1670.6357,1,0.3682
3630.5,3442.5002,0,0.0183,2.6328,1643.6703,1,0.5788
3630.6499,3351.7366,0,0.0029,2.6348,1656.0601,1,0.8151
3630.8,3330.8672,0,0.0133,2.6245,1669.1451,1,0.7659
3630.95,3345.9834,0,0.0324,2.6194,1678.1241,1,0.6671
